{"cameraMode":{"drawMode":0,"name":"Shaded","section":"Shading Mode"},"sceneLighting":false,"audioPlay":false,"sceneViewState":{"m_AlwaysRefresh":false,"showFog":false,"showSkybox":false,"showFlares":false,"showImageEffects":false,"showParticleSystems":false,"showVisualEffectGraphs":true,"m_FxEnabled":true},"in2DMode":false,"pivot":{"x":-0.013001888990402222,"y":0.8654892444610596,"z":-0.04477874934673309},"rotation":{"x":-0.3401741683483124,"y":0.1614234298467636,"z":-0.06145928055047989,"w":-0.924816370010376},"size":0.8660253882408142,"orthographic":false}