{"cameraMode":{"drawMode":0,"name":"Shaded","section":"Shading Mode"},"sceneLighting":false,"audioPlay":false,"sceneViewState":{"m_AlwaysRefresh":false,"showFog":true,"showSkybox":false,"showFlares":true,"showImageEffects":true,"showParticleSystems":true,"showVisualEffectGraphs":true,"m_FxEnabled":true},"in2DMode":false,"pivot":{"x":0.6323343515396118,"y":0.9705070853233337,"z":-0.1976327896118164},"rotation":{"x":0.007067891303449869,"y":0.9917073249816895,"z":-0.11204022169113159,"w":0.06256036460399628},"size":1.2883720397949219,"orthographic":false}