{"cameraMode":{"drawMode":0,"name":"Shaded","section":"Shading Mode"},"sceneLighting":false,"audioPlay":false,"sceneViewState":{"m_AlwaysRefresh":false,"showFog":true,"showSkybox":false,"showFlares":true,"showImageEffects":true,"showParticleSystems":true,"showVisualEffectGraphs":true,"m_FxEnabled":true},"in2DMode":false,"pivot":{"x":0.6154050827026367,"y":11.823116302490235,"z":-0.20554351806640626},"rotation":{"x":-0.06879208236932755,"y":0.9186937808990479,"z":-0.18461300432682038,"w":-0.34234166145324709},"size":21.72031021118164,"orthographic":false}