{"cameraMode":{"drawMode":0,"name":"Shaded","section":"Shading Mode"},"sceneLighting":false,"audioPlay":false,"sceneViewState":{"m_AlwaysRefresh":false,"showFog":true,"showSkybox":true,"showFlares":true,"showImageEffects":true,"showParticleSystems":true,"showVisualEffectGraphs":true,"m_FxEnabled":true},"in2DMode":false,"pivot":{"x":15.152525901794434,"y":1.0209650993347169,"z":-4.896336555480957},"rotation":{"x":-0.035336509346961978,"y":-0.9332244992256165,"z":0.09426645934581757,"w":-0.3459702730178833},"size":2.4399027824401857,"orthographic":false}