{"cameraMode":{"drawMode":0,"name":"Shaded","section":"Shading Mode"},"sceneLighting":true,"audioPlay":false,"sceneViewState":{"m_AlwaysRefresh":false,"showFog":true,"showSkybox":true,"showFlares":true,"showImageEffects":true,"showParticleSystems":true,"showVisualEffectGraphs":true,"m_FxEnabled":true},"in2DMode":false,"pivot":{"x":6.024654388427734,"y":1.0287134647369385,"z":-4.971742153167725},"rotation":{"x":-0.002177412621676922,"y":-0.9771245718002319,"z":0.01212439127266407,"w":-0.21456602215766908},"size":1.1248948574066163,"orthographic":false}