{"cameraMode":{"drawMode":0,"name":"Shaded","section":"Shading Mode"},"sceneLighting":false,"audioPlay":false,"sceneViewState":{"m_AlwaysRefresh":false,"showFog":true,"showSkybox":true,"showFlares":true,"showImageEffects":true,"showParticleSystems":true,"showVisualEffectGraphs":true,"m_FxEnabled":true},"in2DMode":false,"pivot":{"x":2.511317491531372,"y":0.548496425151825,"z":-9.567313194274903},"rotation":{"x":0.0054142107255756859,"y":0.3078290522098541,"z":0.0017487644217908383,"w":-0.9514366984367371},"size":0.6283376812934876,"orthographic":false}