{"cameraMode":{"drawMode":0,"name":"Shaded","section":"Shading Mode"},"sceneLighting":true,"audioPlay":false,"sceneViewState":{"m_AlwaysRefresh":false,"showFog":true,"showSkybox":true,"showFlares":true,"showImageEffects":true,"showParticleSystems":true,"showVisualEffectGraphs":true,"m_FxEnabled":true},"in2DMode":false,"pivot":{"x":-14.999767303466797,"y":0.5166730880737305,"z":6.554461479187012},"rotation":{"x":-0.047903407365083697,"y":-0.7678256630897522,"z":0.05222762003540993,"w":-0.6375606656074524},"size":0.5598322153091431,"orthographic":false}