{"cameraMode":{"drawMode":0,"name":"Shaded","section":"Shading Mode"},"sceneLighting":false,"audioPlay":false,"sceneViewState":{"m_AlwaysRefresh":false,"showFog":true,"showSkybox":true,"showFlares":true,"showImageEffects":true,"showParticleSystems":true,"showVisualEffectGraphs":true,"m_FxEnabled":true},"in2DMode":false,"pivot":{"x":5.919389724731445,"y":-0.2409062385559082,"z":41.223358154296878},"rotation":{"x":0.049410294741392139,"y":0.12669719755649568,"z":-0.006156954448670149,"w":0.9907644987106323},"size":20.34316635131836,"orthographic":false}