{"cameraMode":{"drawMode":0,"name":"Shaded","section":"Shading Mode"},"sceneLighting":true,"audioPlay":false,"sceneViewState":{"m_AlwaysRefresh":false,"showFog":true,"showSkybox":true,"showFlares":true,"showImageEffects":true,"showParticleSystems":true,"showVisualEffectGraphs":true,"m_FxEnabled":true},"in2DMode":false,"pivot":{"x":0.48840880393981936,"y":0.7979943752288818,"z":0.8484159708023071},"rotation":{"x":0.040386173874139789,"y":0.5389843583106995,"z":-0.023734314367175103,"w":0.84154212474823},"size":1.3436636924743653,"orthographic":false}