{"cameraMode":{"drawMode":0,"name":"Shaded","section":"Shading Mode"},"sceneLighting":true,"audioPlay":false,"sceneViewState":{"m_AlwaysRefresh":false,"showFog":true,"showSkybox":true,"showFlares":true,"showImageEffects":true,"showParticleSystems":true,"showVisualEffectGraphs":true,"m_FxEnabled":true},"in2DMode":false,"pivot":{"x":-1.3869264125823975,"y":0.5629181861877441,"z":-22.199819564819337},"rotation":{"x":-0.08499224483966828,"y":0.6403250098228455,"z":-0.07622929662466049,"w":-0.7602479457855225},"size":1.2247449159622193,"orthographic":false}