{"cameraMode":{"drawMode":0,"name":"Shaded","section":"Shading Mode"},"sceneLighting":false,"audioPlay":false,"sceneViewState":{"m_AlwaysRefresh":false,"showFog":true,"showSkybox":true,"showFlares":true,"showImageEffects":true,"showParticleSystems":true,"showVisualEffectGraphs":true,"m_FxEnabled":true},"in2DMode":false,"pivot":{"x":12.454987525939942,"y":3.9455971717834474,"z":-15.045771598815918},"rotation":{"x":0.09286895394325257,"y":-0.5479104518890381,"z":0.06101285666227341,"w":0.8295842409133911},"size":5.081431865692139,"orthographic":false}