{"cameraMode":{"drawMode":0,"name":"Shaded","section":"Shading Mode"},"sceneLighting":false,"audioPlay":false,"sceneViewState":{"m_AlwaysRefresh":false,"showFog":true,"showSkybox":true,"showFlares":true,"showImageEffects":true,"showParticleSystems":true,"showVisualEffectGraphs":true,"m_FxEnabled":true},"in2DMode":false,"pivot":{"x":-2.7479019165039064,"y":6.818345069885254,"z":-30.495830535888673},"rotation":{"x":0.2248462289571762,"y":-0.016379723325371743,"z":0.003816177137196064,"w":0.9742895364761353},"size":0.08967900276184082,"orthographic":false}