{"cameraMode":{"drawMode":0,"name":"Shaded","section":"Shading Mode"},"sceneLighting":false,"audioPlay":false,"sceneViewState":{"m_AlwaysRefresh":false,"showFog":true,"showSkybox":true,"showFlares":true,"showImageEffects":true,"showParticleSystems":true,"showVisualEffectGraphs":true,"m_FxEnabled":true},"in2DMode":false,"pivot":{"x":-3.026193857192993,"y":3.5097053050994875,"z":-26.792112350463868},"rotation":{"x":0.3629426062107086,"y":-0.0631159245967865,"z":0.024676481261849405,"w":0.9293830394744873},"size":0.08967900276184082,"orthographic":false}