{"cameraMode":{"drawMode":0,"name":"Shaded","section":"Shading Mode"},"sceneLighting":false,"audioPlay":false,"sceneViewState":{"m_AlwaysRefresh":false,"showFog":true,"showSkybox":true,"showFlares":true,"showImageEffects":true,"showParticleSystems":true,"showVisualEffectGraphs":true,"m_FxEnabled":true},"in2DMode":false,"pivot":{"x":-2.3216803073883058,"y":4.416208744049072,"z":-33.37509536743164},"rotation":{"x":0.11432680487632752,"y":-0.14433139562606812,"z":0.016800323501229287,"w":0.9827858805656433},"size":0.3896790146827698,"orthographic":false}