{"cameraMode":{"drawMode":0,"name":"Shaded","section":"Shading Mode"},"sceneLighting":false,"audioPlay":false,"sceneViewState":{"m_AlwaysRefresh":false,"showFog":true,"showSkybox":true,"showFlares":true,"showImageEffects":true,"showParticleSystems":true,"showVisualEffectGraphs":true,"m_FxEnabled":true},"in2DMode":false,"pivot":{"x":7.811904430389404,"y":3.171757221221924,"z":13.12721061706543},"rotation":{"x":0.0029705434571951629,"y":-0.9547895789146423,"z":0.007255114149302244,"w":0.29755374789237978},"size":1.6379647254943848,"orthographic":false}