{"cameraMode":{"drawMode":0,"name":"Shaded","section":"Shading Mode"},"sceneLighting":false,"audioPlay":false,"sceneViewState":{"m_AlwaysRefresh":false,"showFog":true,"showSkybox":true,"showFlares":true,"showImageEffects":true,"showParticleSystems":true,"showVisualEffectGraphs":true,"m_FxEnabled":true},"in2DMode":false,"pivot":{"x":-2.2153892517089845,"y":0.6527532935142517,"z":-10.601264953613282},"rotation":{"x":0.033932868391275409,"y":-0.9383537769317627,"z":0.09636448323726654,"w":0.33135831356048586},"size":0.9399029612541199,"orthographic":false}